{"cameraMode":{"drawMode":0,"name":"Shaded","section":"Shading Mode"},"sceneLighting":true,"audioPlay":false,"sceneViewState":{"m_AlwaysRefresh":false,"showFog":true,"showSkybox":true,"showFlares":true,"showImageEffects":true,"showParticleSystems":true,"showVisualEffectGraphs":true,"m_FxEnabled":true},"in2DMode":false,"pivot":{"x":4.844756603240967,"y":-0.6897007822990418,"z":2.6753716468811037},"rotation":{"x":-0.17753252387046815,"y":0.12754422426223756,"z":-0.02317764237523079,"w":-0.9755925536155701},"size":12.317105293273926,"orthographic":false}